{"cameraMode":{"drawMode":0,"name":"Shaded","section":"Shading Mode"},"sceneLighting":true,"audioPlay":false,"sceneViewState":{"showFog":true,"showMaterialUpdate":false,"showSkybox":true,"showFlares":true,"showImageEffects":true,"showParticleSystems":true},"in2DMode":false,"pivot":{"x":-88.6562728881836,"y":-26.96792221069336,"z":-110.2215805053711},"rotation":{"x":-0.0489574670791626,"y":-0.3142426311969757,"z":0.016228720545768739,"w":-0.9479405283927918},"size":168.9379119873047,"orthographic":true}